5-Gram,frequency
month,800
usici,463
appen,383
ersta,1198
ehold,1374
tatio,1127
reter,443
winep,182
niver,104
attem,132
ousan,1509
ignat,336
andin,762
epres,373
magni,605
rewit,612
abyss,240
duced,1014
larly,270
ainty,714
learn,547
great,1899
final,476
trous,977
emong,231
leman,359
rnity,689
empor,341
nspar,171
fours,465
shewe,582
ducer,378
still,610
purpl,331
ersua,341
cular,418
ician,345
those,914
veral,408
lence,762
exhor,963
resen,673
ancie,2309
tance,868
cinth,164
reser,514
leasi,205
cious,1002
nasmu,1088
bossn,1022
frank,238
spiri,1850
artyr,378
ehead,437
worth,681
umpet,758
arlot,821
reets,344
verba,208
sabel,241
ernor,651
llego,495
erpre,235
hatso,419
woedg,491
epare,1515
stimo,598
eafte,506
rtati,223
onger,649
sland,449
heavy,1013
icked,1791
saint,601
ecuto,329
reape,316
twelf,429
agnif,314
inabl,839
ntiae,426
ornin,821
ecome,469
rstet,464
menta,617
housa,967
stinc,297
livin,745
mpero,641
ising,2943
agici,679
apphi,522
irste,530
erbap,1138
belie,732
ishme,980
peare,669
igati,590
epulc,342
etter,904
rethr,1885
inces,633
ments,1696
pearl,489
verco,204
ogres,100
xhort,310
ndere,509
priso,590
uctio,915
pears,431
easet,313
ramen,624
gates,640
thous,1436
thout,1618
serva,1362
happe,297
catho,64
thing,3692
serve,1378
nders,828
anish,535
think,453
haste,636
fruit,646
recti,815
imony,1343
arine,958
inous,245
rials,2464
their,5684
uting,464
behel,385
eared,868
ceive,979
leave,886
greek,605
delig,266
euphr,301
cordi,1810
pulli,230
rdius,327
round,813
sitte,588
ntich,118
ffort,676
imsto,602
lievi,707
eadth,822
earet,773
bject,314
omply,235
rophe,3069
tamen,617
vered,863
aleaz,440
ories,631
llowe,537
looke,584
scoff,432
sband,483
phemi,509
onque,239
ldren,2680
prude,180
empta,341
runni,545
ishop,3648
ipmas,594
shmen,670
etaph,899
inion,558
amine,385
esent,1344
aming,138
judgm,857
enemi,1072
orifi,272
itten,725
pagan,362
hemie,587
earfu,636
itter,431
empts,405
pened,1134
clean,1018
onder,610
ethys,792
nslav,378
clear,240
rdere,800
gathe,2480
adems,639
ccord,1635
eatis,259
ellig,1168
rende,3223
forth,1381
sensu,294
reate,600
rment,660
oodly,340
grego,483
reati,581
onabl,838
nishe,846
urnin,555
nitio,439
forts,312
gicia,268
abomi,557
eaped,660
becau,2184
nishm,1321
forty,460
itsel,509
destr,1315
usban,503
attle,1338
moved,365
berty,132
jerom,1263
llelu,851
smoke,921
grace,768
goeth,1012
derst,937
bless,1436
ultip,707
nimal,262
apply,331
taken,742
horta,1465
llema,370
linde,72
satan,469
takes,107
aulin,614
nfect,161
third,541
hapte,2046
rticu,2302
tment,409
hortl,388
ularl,354
ignif,548
terin,371
saith,1492
assed,530
kedne,476
horts,358
demne,182
exert,294
prese,1299
thirs,787
surel,1410
upted,254
hings,2761
ocust,440
ignit,191
passe,1248
ching,335
exter,394
ysopr,1104
passi,505
mself,1173
ursqu,189
earin,1002
tened,277
cerer,331
rupte,1021
udged,773
keepe,411
nuine,203
linen,1228
metap,285
theni,442
lypse,275
mpass,450
goths,482
preta,524
lypsi,713
agedo,942
forwa,376
prete,389
vanis,307
opped,666
quart,297
sayin,1596
inish,985
ickle,389
conde,331
infor,218
aving,1863
otted,261
etati,540
belov,275
begin,828
arent,921
eserv,472
flesh,791
ointm,828
ittin,407
ulati,663
rengt,912
eived,897
nemie,603
plagu,825
otter,306
carle,200
ickly,1544
lfill,300
under,1467
rysta,580
ength,1076
hryso,346
sides,388
wenty,576
penin,199
slave,611
encom,787
ionab,810
rnati,466
enera,1027
durat,519
henoc,256
hantm,555
evils,439
ndati,295
risin,930
parte,349
lamps,443
pirit,5101
rthel,469
parti,762
alced,333
habet,743
namon,413
bride,674
partn,228
lesse,1574
which,4769
nbeli,1007
erbis,1596
parts,542
bridl,407
curse,516
hipma,455
manas,586
meral,735
ttoml,1166
voure,1235
enter,935
selve,1234
voice,1278
gethe,1395
curso,358
given,1553
xpect,511
spare,420
ppine,482
seems,482
ribul,874
givet,506
escri,961
oever,1234
decei,676
proce,1566
gulis,480
parum,1328
thali,433
steri,567
postl,645
venge,533
jesus,2103
watch,702
defil,829
eving,418
usion,1282
asper,377
blasp,750
husba,1066
ropor,377
ertai,1168
unbel,120
virgi,261
ittle,1021
ancti,628
terna,505
orcer,397
antip,176
eepet,1254
eneth,369
eciou,457
aithf,522
ostat,175
terni,5814
ellow,848
stand,1104
rcere,1317
bread,1411
omega,667
nstru,672
expec,480
egori,819
icaci,453
loose,405
pocal,1220
porti,376
cause,2187
thers,1312
dican,156
sacra,211
jerus,1446
eason,648
breas,306
title,382
glory,1406
arted,535
estif,316
egory,1441
ondme,287
emain,1137
eanin,554
erved,1379
prasu,315
estim,781
these,2682
irdle,162
cruel,378
intel,194
relig,391
steth,1463
ingul,962
brigh,1072
image,663
inter,438
welve,376
erver,284
iplic,278
sorce,251
ukewa,346
rvers,1772
limit,695
rimes,707
onclu,1183
synag,165
water,1554
espec,419
sever,228
crame,528
gifts,357
nctif,588
golde,440
simul,288
avail,259
iness,370
thful,806
hurch,1415
entia,567
habit,643
iving,1111
omina,1310
perse,624
profi,597
serab,195
ngues,1736
terpr,2376
oming,794
gment,1533
ordin,1717
embli,326
areth,883
entio,449
hirst,810
rvant,1435
urder,504
eithe,1145
athen,666
elove,501
ncarn,431
apost,440
ather,2905
pinio,459
ercom,708
orwar,589
three,1382
ckedn,588
marke,179
begot,580
hemse,651
ungod,257
ejoic,666
reign,1074
comin,3167
thren,1403
johns,465
idera,170
istia,611
carri,673
short,177
quick,343
anner,1415
littl,3147
progr,244
erers,363
eemer,265
ctifi,682
ransp,222
ltipl,928
hirty,346
istin,771
htene,577
front,247
eldin,177
rison,641
acram,336
ameth,919
stock,385
eginn,463
ffere,1733
mirat,382
ntion,270
ified,1024
lvati,852
tiles,518
befor,2284
trume,106
rante,197
rroga,201
onsci,390
tails,280
emera,673
eveng,582
sickl,233
testa,572
soeve,781
sanct,1205
bapar,558
evail,868
accor,1939
unish,1025
noint,491
testi,1545
arnat,326
srael,3017
event,567
ligen,472
ugust,195
uring,330
vesse,555
mited,235
repre,1142
mount,1193
ormwo,146
intim,1085
equal,498
ruits,894
astpl,267
vaile,241
cohei,311
nions,1095
altar,1047
dgmen,906
ption,383
eatur,236
rocee,1323
acter,515
telli,504
words,1182
chand,193
rusal,1415
abell,207
chang,416
asure,993
islan,489
uickl,628
ficen,557
gress,308
measu,796
david,1648
membr,268
trava,406
ntell,817
tants,821
shoul,2202
taber,857
strik,541
rofit,1557
ieldi,521
maket,535
gnati,328
again,3260
rrupt,1052
taint,715
urche,974
ortal,1206
ophec,529
ildin,480
umber,675
icens,586
eward,376
earth,1434
neyar,742
ortat,1052
yield,1623
rtion,617
ollow,773
thric,317
comme,3992
oursq,634
wicke,1450
ities,1110
ottom,937
ophet,1005
obedi,248
freel,393
freem,715
ndign,648
robes,516
ernal,316
ssess,1362
ritte,441
verth,264
ineya,323
midst,1544
vants,983
annis,944
aphor,181
alive,504
trial,687
anspa,937
ourth,401
inati,1647
igion,592
nclea,487
hatev,521
ected,575
becom,522
laves,346
pilla,596
ertis,333
hunde,693
uster,206
meaux,193
digna,308
light,701
thund,983
chapt,2840
usand,1248
bring,2537
evera,442
arned,265
abita,648
iffer,1398
nedic,1021
templ,1257
efile,432
malic,125
morni,733
recei,1013
urely,422
otice,436
sound,541
nable,410
hewed,667
aying,2215
suppe,797
erpen,273
tiona,560
tribu,3907
monit,766
ligio,352
nguli,409
havin,897
every,2731
rsqua,331
minat,1906
imsel,798
eaded,165
nchan,182
promi,442
kince,1329
mpora,196
ithfu,342
nchas,1361
sence,558
tions,1563
secut,655
lmigh,469
ooked,1052
chara,868
raise,1208
agues,1145
titud,1182
eadet,111
lusio,730
legor,669
blood,1738
chari,753
trict,66
ought,2542
undre,1541
licen,253
rtyfo,518
stles,547
lague,905
royed,1546
lices,321
marri,872
conqu,468
eazar,743
laten,522
estru,1572
lovet,329
cryst,855
mysti,491
certa,1545
readt,279
geliz,972
rriet,729
ostle,1029
queen,310
ready,341
oldin,330
anifo,668
colou,432
yster,1013
maste,665
expos,249
maged,196
ecret,700
rtain,610
nfess,427
seats,463
mmand,1424
ceedi,577
tenth,1036
nning,1006
redic,753
swere,905
chast,494
stica,264
nifie,403
oport,1224
tical,629
dwell,1407
wound,954
stpla,696
ation,3684
furna,370
deser,938
devil,973
ivers,497
dwelt,854
ustif,475
parat,585
power,1504
angea,480
hroug,911
abern,970
preci,397
othed,569
ustin,379
joann,643
rewar,733
orses,429
chris,1544
gomor,211
angel,684
ulfil,918
elfth,356
right,1540
proph,1305
rbaro,96
ninth,830
other,3860
enlig,361
fitab,750
venth,577
propo,1718
ructi,1262
ripti,371
oanni,270
guish,260
rtake,712
works,757
rpret,1200
execu,503
hapes,270
writt,1587
timon,1567
predi,982
lowin,420
esign,908
abylo,1003
agree,590
cribe,432
leven,1828
ompan,706
contr,778
cacie,298
world,571
ompar,339
iveth,504
thron,881
bound,1347
small,438
hefts,324
augus,396
scens,496
edict,914
dolat,1179
rogre,303
rrect,642
reely,305
armie,354
ewhat,127
fered,467
ighte,712
pious,3041
rioti,40
rning,1915
regor,507
itabl,469
multi,1675
ocaly,433
rifie,348
feren,982
olenc,182
aused,199
riots,462
lovin,121
alyps,766
rices,491
nowin,335
ystic,1160
morta,542
lords,342
ighty,875
mildl,171
empir,300
imati,292
stifi,569
never,1084
nough,873
cense,449
ortio,910
sposi,249
lcedo,553
apter,1812
cinna,619
shall,12843
stone,861
urtet,477
plice,420
ictio,322
herea,543
ribed,360
stify,904
rters,2828
olite,545
refor,3698
overc,262
desig,577
witho,1629
stiga,72
phecy,994
ildre,2403
tifie,593
neral,2050
hereo,1150
cused,201
ribes,593
paren,563
solit,538
asily,618
hereu,451
nerat,1255
natio,2491
atent,590
gamus,282
birds,1050
stood,751
retat,172
ursel,603
fearf,480
rcifu,275
hebre,759
ecaus,2313
bened,1063
fierc,417
tteri,457
rches,713
erusa,1549
llige,530
icula,1287
enedi,491
frain,208
posed,260
halde,305
owned,451
thigh,223
inpos,194
error,712
hetic,131
fount,1053
ssias,266
death,1011
ingdo,965
iculo,180
rteth,902
rding,2307
churc,843
ikene,322
sorro,636
omman,1895
ition,911
alpha,1165
fifth,665
lands,630
emple,1176
rathe,384
edony,431
reven,1004
slain,1254
heard,1024
heare,289
yours,774
rough,2065
oveth,463
rumen,674
icati,1066
serpe,498
nhabi,610
aketh,405
phors,709
admon,498
ntary,326
idols,617
instr,3218
notic,470
heart,1269
ginni,849
hrist,1498
bours,472
eries,498
devou,486
prink,442
ngeab,136
ortly,280
struc,638
rstan,980
tteth,275
ilthy,133
hence,698
ethre,1169
calyp,327
build,890
where,1483
riage,678
strum,481
books,330
ithou,2604
torch,427
genti,850
apoca,1559
cutin,426
cutio,776
pauli,89
rivat,120
tumel,45
phabe,188
bomin,458
epeth,1193
incar,449
ender,548
eedin,1053
endet,708
punis,916
lorif,669
chief,1187
hurte,439
ainst,2372
alled,1358
lamen,291
dinar,244
alleg,1764
glass,522
justi,1190
hment,489
inkle,1517
heath,513
allem,941
allen,498
dicti,670
thrus,723
aparu,233
topaz,200
eight,872
